﻿<?xml version="1.0" encoding="utf-8" ?>

<Advertisements>
  <Ad>
    <ImageUrl>~/image/EDX.jpg</ImageUrl>
    <AlternateText>Invalid</AlternateText>
    <NavigateUrl>https://www.edx.org/</NavigateUrl>
    <Impressions>10</Impressions>
  </Ad>
  <Ad>
    <ImageUrl>~/image/udemy.jpg</ImageUrl>
    <AlternateText>Invalid</AlternateText>
    <NavigateUrl>https://www.udemy.in/</NavigateUrl>
    <Impressions>10</Impressions>
  </Ad>

  <Ad>
    <ImageUrl>~/image/google.jpg</ImageUrl>
    <AlternateText>Invalid</AlternateText>
    <NavigateUrl>https://www.google.com/</NavigateUrl>
    <Impressions>10</Impressions>
  </Ad>

  <Ad>
    <ImageUrl>~/image/whatsapp.jpg</ImageUrl>
    <AlternateText>Invalid</AlternateText>
    <NavigateUrl>https://web.whatsapp.com/  /</NavigateUrl>
    <Impressions>10</Impressions>
  </Ad>

  <Ad>
    <ImageUrl>~/image/youtube.jpeg</ImageUrl>
    <AlternateText>Invalid</AlternateText>
    <NavigateUrl>https://www.youtube.com/</NavigateUrl>
    <Impressions>10</Impressions>
  </Ad>

  <Ad>
    <ImageUrl>~/image/gmail.jpg</ImageUrl>
    <AlternateText>Invalid</AlternateText>
    <NavigateUrl>https://www.gmail.com/</NavigateUrl>
    <Impressions>10</Impressions>
  </Ad>
  
  </Advertisements>
